fir_number,police_station,district_state,act_and_sections,date_time_incident,date_time_fir,complainant_name,complainant_designation,complainant_phone,complainant_address,investigating_officer,io_rank,io_badge,accused_name,accused_phone,accused_age,accused_yob,accused_address,accused_occupation,physical_features,hospital_reference
0973/2026,Kalachowki Police Station,"Brihanmumbai City, Maharashtra","Maharashtra Prohibition Act, 1949 - Sec 85(1)",2026-07-21 21:55:49,2026-07-21 22:55:49,Jacob Aurora,Police Head Constable 2944,+91-1656216911,"H.No. 32, Parekh Zila, Kottayam 097710",Naveen Sha,Inspector of Police,POBN61206,Md. Ojas Bhavsar,+91-3088060716,51,1987,"H.No. 336, Sinha Chowk, Korba 820202",Vendor,,Nair Hospital Mumbai
0056/2026,Worli Police Station,"Brihanmumbai City, Maharashtra","Maharashtra Prohibition Act, 1949 - Sec 85(1)",2026-07-13 08:49:32,2026-07-13 12:49:32,Rishi Prashad,Police Head Constable 8060,+91-9816793368,"424, Sarna Ganj, Gandhidham-256220",Ekansh Dhar,Inspector of Police,POBN50943,Md. Sathvik Mahajan,+91-4612031808,38,1978,"36/48, Dani Circle, Kumbakonam-152479",Private Worker,Tattoo on forearm,Sion Hospital Mumbai
0288/2026,Agripada Police Station,"Brihanmumbai City, Maharashtra","Maharashtra Prohibition Act, 1949 - Sec 85(1)",2026-07-13 02:02:04,2026-07-13 04:02:04,Shivansh Halder,Police Head Constable 3221,+91-1381488822,"60, Chada Chowk, Nashik 810714",Jeremiah Karan,Inspector of Police,POBN66833,Md. Elijah Rege,+91-1324892076,45,2004,"59/429, Balan Road, Ambala-068689",Vendor,,KEM Hospital Mumbai
0254/2026,Byculla Police Station,"Brihanmumbai City, Maharashtra","Maharashtra Prohibition Act, 1949 - Sec 85(1)",2026-07-31 11:53:43,2026-07-31 15:53:43,Omkaar Gade,Police Head Constable 6848,+91-3823054491,"H.No. 709, Pandit Street, Nangloi Jat-530035",Samesh Bedi,Inspector of Police,POBN49071,Md. Ranbir Bhalla,+91-2236381844,39,1983,"320, Bhandari Path, Patna-000377",Unemployed,Pockmarks on face,Sion Hospital Mumbai
0320/2026,Kalachowki Police Station,"Brihanmumbai City, Maharashtra","Maharashtra Prohibition Act, 1949 - Sec 85(1)",2026-08-09 17:44:19,2026-08-09 21:44:19,Chatura Bandi,Police Head Constable 5025,+91-6703384532,"385, Sur Road, Jabalpur 055428",Umang Sood,Inspector of Police,POBN59163,Md. Pranit Arya,+91-7774789752,24,2002,"35/518, Goel Road, Begusarai 861128",Vendor,Scar on left cheek,KEM Hospital Mumbai
0481/2026,Byculla Police Station,"Brihanmumbai City, Maharashtra","Maharashtra Prohibition Act, 1949 - Sec 85(1)",2026-08-08 21:45:02,2026-08-09 01:45:02,Qarin Chakraborty,Police Head Constable 2316,+91-8525531804,"936, Sarraf Zila, Ghaziabad 068830",Azaan Mutti,Inspector of Police,POBN45295,Md. Reyansh Anne,+91-6922080797,37,1970,"190, Sabharwal Nagar, Nandyal-800901",Vendor,Pockmarks on face,KEM Hospital Mumbai
0438/2026,Worli Police Station,"Brihanmumbai City, Maharashtra","Maharashtra Prohibition Act, 1949 - Sec 85(1)",2026-09-01 18:32:47,2026-09-01 21:32:47,Lakshit Jha,Police Head Constable 2842,+91-1199342960,"287, Mittal Ganj, Madurai-730789",Jagdish Basak,Inspector of Police,POBN23502,Md. Andrew Bora,+91-8714702226,49,1998,"84/047, Gill Zila, Rewa-550121",Driver,,Sion Hospital Mumbai
0108/2026,Byculla Police Station,"Brihanmumbai City, Maharashtra","Maharashtra Prohibition Act, 1949 - Sec 85(1)",2026-08-22 15:19:39,2026-08-22 16:19:39,Thomas Khatri,Police Head Constable 1964,+91-8933075275,"706, Sule, Madhyamgram-399427",Pratyush Krish,Inspector of Police,POBN17740,Md. Gagan Rao,+91-5714909698,54,1967,"835, Oommen Marg, Motihari-939136",Vendor,Mole on neck,Nair Hospital Mumbai
0898/2026,Kalachowki Police Station,"Brihanmumbai City, Maharashtra","Maharashtra Prohibition Act, 1949 - Sec 85(1)",2026-08-27 19:09:23,2026-08-27 23:09:23,Girindra Deshpande,Police Head Constable 2319,+91-4581931458,"725, Natt, Raurkela Industrial Township 827844",Parth Dash,Inspector of Police,POBN46061,Md. Peter Barad,+91-9440790043,52,1966,"H.No. 132, Kannan Road, Sirsa-208881",Vendor,Mole on neck,KEM Hospital Mumbai
0734/2026,Dadar Police Station,"Brihanmumbai City, Maharashtra","Maharashtra Prohibition Act, 1949 - Sec 85(1)",2026-08-11 22:24:43,2026-08-11 23:24:43,Gaurav Murthy,Police Head Constable 7138,+91-0559893583,"H.No. 794, Palan Nagar, Ichalkaranji 419222",Tejas Chauhan,Inspector of Police,POBN85737,Md. Nihal Rana,+91-5691317104,36,1971,"H.No. 65, Choudhury Zila, Amritsar-929068",Driver,,Sion Hospital Mumbai
0513/2026,Bhoiwada Police Station,"Brihanmumbai City, Maharashtra","Maharashtra Prohibition Act, 1949 - Sec 85(1)",2026-08-14 03:55:07,2026-08-14 04:55:07,Jatin Sawhney,Police Head Constable 7084,+91-6164323583,"H.No. 515, Oza Zila, Faridabad 327791",Timothy Saxena,Inspector of Police,POBN31335,Md. Arjun Sheth,+91-6111449019,32,1983,"H.No. 667, Sathe Nagar, Hindupur 267698",Unemployed,Pockmarks on face,KEM Hospital Mumbai
0635/2026,Nagpada Police Station,"Brihanmumbai City, Maharashtra","Maharashtra Prohibition Act, 1949 - Sec 85(1)",2026-08-19 03:35:17,2026-08-19 06:35:17,Sarthak Apte,Police Head Constable 6552,+91-7955864372,"72/33, Rao Street, Dhule 949570",Oliver Gokhale,Inspector of Police,POBN46978,Md. Umang Mody,+91-0953911949,24,2003,"952, Gulati Zila, Sasaram 066981",Private Worker,Scar on left cheek,KEM Hospital Mumbai
0724/2026,Agripada Police Station,"Brihanmumbai City, Maharashtra","Maharashtra Prohibition Act, 1949 - Sec 85(1)",2026-08-11 19:13:18,2026-08-11 21:13:18,Orinder Rai,Police Head Constable 8605,+91-7587557913,"88/471, Sood, Yamunanagar 874321",Rachit Patla,Inspector of Police,POBN67917,Md. Laban Prakash,+91-5372652872,38,2001,"08/93, Shenoy Path, Srikakulam-517239",Vendor,Scar on left cheek,Sion Hospital Mumbai
0414/2026,Worli Police Station,"Brihanmumbai City, Maharashtra","Maharashtra Prohibition Act, 1949 - Sec 85(1)",2026-08-11 19:12:57,2026-08-11 21:12:57,Rayaan Setty,Police Head Constable 6250,+91-8115257125,"H.No. 963, Ramaswamy Road, Firozabad-215632",Gopal Kumar,Inspector of Police,POBN99099,Md. Zashil Mistry,+91-0356058771,51,1995,"H.No. 692, Venkataraman Road, Hyderabad 953780",Private Worker,Scar on left cheek,Sion Hospital Mumbai
0658/2026,Byculla Police Station,"Brihanmumbai City, Maharashtra","Maharashtra Prohibition Act, 1949 - Sec 85(1)",2026-08-12 20:17:17,2026-08-12 22:17:17,Akshay Misra,Police Head Constable 4340,+91-3348634110,"H.No. 652, Kalla Ganj, Karaikudi-781677",Chatresh Zachariah,Inspector of Police,POBN76586,Md. Advik Golla,+91-0751400478,31,1969,"313, Naidu Street, Motihari-943306",Driver,Scar on left cheek,KEM Hospital Mumbai
0052/2026,Byculla Police Station,"Brihanmumbai City, Maharashtra","Maharashtra Prohibition Act, 1949 - Sec 85(1)",2026-07-21 06:15:39,2026-07-21 08:15:39,Aarush Lal,Police Head Constable 9035,+91-2345022529,"74, Vasa, Erode 965582",Michael Mangat,Inspector of Police,POBN90689,Md. Ayush Baria,+91-6993641756,26,1997,"74, Nanda Nagar, Morbi-928232",Daily Wager,Pockmarks on face,Sion Hospital Mumbai
0481/2026,Kalachowki Police Station,"Brihanmumbai City, Maharashtra","Maharashtra Prohibition Act, 1949 - Sec 85(1)",2026-08-27 15:54:30,2026-08-27 16:54:30,Ayush Pandey,Police Head Constable 2533,+91-2796367869,"H.No. 437, Chaudhary Path, Dindigul-031977",Lakshit Chanda,Inspector of Police,POBN40007,Md. Simon Rai,+91-6754235346,52,1974,"H.No. 350, Dhaliwal Marg, Sambalpur 045843",Vendor,Pockmarks on face,Sion Hospital Mumbai
0736/2026,Nagpada Police Station,"Brihanmumbai City, Maharashtra","Maharashtra Prohibition Act, 1949 - Sec 85(1)",2026-07-13 16:23:55,2026-07-13 20:23:55,Jack Prashad,Police Head Constable 3373,+91-2698513921,"47, Varughese Ganj, Aizawl 260411",Chatura Loke,Inspector of Police,POBN47128,Md. Tarak Sahni,+91-8224462027,54,1985,"851, Bhavsar Street, Shahjahanpur-059462",Vendor,Pockmarks on face,Nair Hospital Mumbai
0808/2026,Agripada Police Station,"Brihanmumbai City, Maharashtra","Maharashtra Prohibition Act, 1949 - Sec 85(1)",2026-08-21 16:20:40,2026-08-21 18:20:40,Qadim Tandon,Police Head Constable 2185,+91-0375017628,"175, Ramaswamy Chowk, Ichalkaranji 443294",Karan Kothari,Inspector of Police,POBN59556,Md. Ayush Buch,+91-8561621656,48,2004,"651, Jayaraman Road, Vasai-Virar 722142",Vendor,,Sion Hospital Mumbai
0920/2026,Tardeo Police Station,"Brihanmumbai City, Maharashtra","Maharashtra Prohibition Act, 1949 - Sec 85(1)",2026-08-01 07:21:26,2026-08-01 11:21:26,Pranit Shah,Police Head Constable 4678,+91-2530241420,"20/370, Padmanabhan Marg, Bongaigaon-483424",Anirudh Saxena,Inspector of Police,POBN91558,Md. Amol Nagy,+91-3128261525,33,2005,"H.No. 676, Hegde Path, Patna 424992",Private Worker,Scar on left cheek,Nair Hospital Mumbai
0161/2026,Kalachowki Police Station,"Brihanmumbai City, Maharashtra","Maharashtra Prohibition Act, 1949 - Sec 85(1)",2026-07-19 08:36:00,2026-07-19 10:36:00,Tanish Varty,Police Head Constable 7269,+91-2204464303,"H.No. 151, Mishra Street, Baranagar 346895",Tarak Chander,Inspector of Police,POBN80119,Md. Baljiwan Hayer,+91-0327979516,46,1967,"H.No. 10, Kapadia Zila, South Dumdum 028181",Daily Wager,Pockmarks on face,KEM Hospital Mumbai
0538/2026,Nagpada Police Station,"Brihanmumbai City, Maharashtra","Maharashtra Prohibition Act, 1949 - Sec 85(1)",2026-09-01 03:09:33,2026-09-01 07:09:33,Advay Jayaraman,Police Head Constable 1066,+91-6617949166,"734, Ratti Path, Amaravati-337318",Darpan Grewal,Inspector of Police,POBN28542,Md. Devansh Vohra,+91-7245876065,26,1999,"95/760, Pall Marg, Mathura 104164",Driver,,Nair Hospital Mumbai
0984/2026,Byculla Police Station,"Brihanmumbai City, Maharashtra","Maharashtra Prohibition Act, 1949 - Sec 85(1)",2026-07-23 19:37:14,2026-07-23 22:37:14,Manthan Srivastava,Police Head Constable 6175,+91-8315335725,"H.No. 29, Sengupta Circle, Gwalior 869610",Devansh Vasa,Inspector of Police,POBN17528,Md. Gopal Radhakrishnan,+91-9997632226,56,2003,"860, Shanker Zila, Kozhikode-719359",Unemployed,,Nair Hospital Mumbai
0915/2026,Bhoiwada Police Station,"Brihanmumbai City, Maharashtra","Maharashtra Prohibition Act, 1949 - Sec 85(1)",2026-08-16 12:06:41,2026-08-16 15:06:41,Pratyush Rama,Police Head Constable 6306,+91-1705882627,"45/280, Mannan Circle, Jamnagar-680658",Ekalinga Kaur,Inspector of Police,POBN75287,Md. Zayyan Ahluwalia,+91-0421607034,40,1999,"610, Doctor Ganj, Vadodara-469777",Unemployed,Mole on neck,Sion Hospital Mumbai
0939/2026,Worli Police Station,"Brihanmumbai City, Maharashtra","Maharashtra Prohibition Act, 1949 - Sec 85(1)",2026-07-11 13:29:06,2026-07-11 17:29:06,Warinder Lata,Police Head Constable 1843,+91-2433556780,"79/99, Toor Marg, Gwalior-486785",Arin Keer,Inspector of Police,POBN70274,Md. Rudra Sant,+91-7744695455,45,2002,"H.No. 761, Kapur Road, Kanpur 390992",Daily Wager,Mole on neck,Sion Hospital Mumbai
0869/2026,Nagpada Police Station,"Brihanmumbai City, Maharashtra","Maharashtra Prohibition Act, 1949 - Sec 85(1)",2026-08-19 01:03:30,2026-08-19 02:03:30,Advay Palan,Police Head Constable 7278,+91-9860691998,"H.No. 378, Virk Road, Bhusawal-347816",Wriddhish Biswas,Inspector of Police,POBN71064,Md. Fitan Mander,+91-0283885531,43,1989,"78/169, Chhabra Path, Ranchi-543158",Driver,Scar on left cheek,Nair Hospital Mumbai
0918/2026,Tardeo Police Station,"Brihanmumbai City, Maharashtra","Maharashtra Prohibition Act, 1949 - Sec 85(1)",2026-08-20 21:23:11,2026-08-20 22:23:11,Arin Tripathi,Police Head Constable 7126,+91-6833101105,"87/606, Sood Marg, Nagercoil 418242",Rehaan Aggarwal,Inspector of Police,POBN65342,Md. Nachiket Desai,+91-3029050253,41,2000,"H.No. 72, Sodhi Zila, Malegaon-819202",Unemployed,Tattoo on forearm,Nair Hospital Mumbai
0196/2026,Tardeo Police Station,"Brihanmumbai City, Maharashtra","Maharashtra Prohibition Act, 1949 - Sec 85(1)",2026-08-04 09:52:47,2026-08-04 12:52:47,Nitesh Chandra,Police Head Constable 2981,+91-6511495292,"H.No. 402, Oommen Nagar, Miryalaguda 088769",Gaurav Sharma,Inspector of Police,POBN80897,Md. Maanav Tailor,+91-4860124675,50,1981,"45/45, Bali Path, Dhule-866737",Daily Wager,Tattoo on forearm,Sion Hospital Mumbai
0191/2026,Agripada Police Station,"Brihanmumbai City, Maharashtra","Maharashtra Prohibition Act, 1949 - Sec 85(1)",2026-08-04 01:54:48,2026-08-04 04:54:48,Gunbir Deol,Police Head Constable 8632,+91-7006407676,"26/301, Tandon Nagar, Tumkur 344706",Shaurya Sharma,Inspector of Police,POBN45806,Md. Balendra Nayak,+91-7309005344,36,1975,"28/140, Patla Chowk, Karimnagar 401996",Vendor,Pockmarks on face,Sion Hospital Mumbai
0370/2026,Tardeo Police Station,"Brihanmumbai City, Maharashtra","Maharashtra Prohibition Act, 1949 - Sec 85(1)",2026-08-27 05:08:01,2026-08-27 09:08:01,Ranveer Bhalla,Police Head Constable 7825,+91-8870015097,"91/866, Gulati Circle, Rohtak-656079",Onveer Swaminathan,Inspector of Police,POBN94536,Md. Robert Narain,+91-0909634931,27,2002,"26, Vora Street, Nizamabad 067465",Private Worker,,Nair Hospital Mumbai
0593/2026,Worli Police Station,"Brihanmumbai City, Maharashtra","Maharashtra Prohibition Act, 1949 - Sec 85(1)",2026-09-05 05:09:33,2026-09-05 09:09:33,Manthan Tandon,Police Head Constable 5941,+91-7037172585,"590, Kadakia Road, Tezpur 058319",David Anne,Inspector of Police,POBN74525,Md. Tanveer Choudhary,+91-1407733840,43,1985,"H.No. 82, Mani Marg, Ambattur 331894",Vendor,Tattoo on forearm,Nair Hospital Mumbai
0634/2026,Byculla Police Station,"Brihanmumbai City, Maharashtra","Maharashtra Prohibition Act, 1949 - Sec 85(1)",2026-09-04 05:36:56,2026-09-04 08:36:56,Chanakya Jaggi,Police Head Constable 1873,+91-6399894939,"32/39, Rao Zila, Chapra-632207",Ayaan Dhawan,Inspector of Police,POBN78231,Md. Azad Mannan,+91-8472516266,24,1976,"53/325, Sharma Path, Jalna-136347",Driver,Pockmarks on face,Nair Hospital Mumbai
0489/2026,Agripada Police Station,"Brihanmumbai City, Maharashtra","Maharashtra Prohibition Act, 1949 - Sec 85(1)",2026-07-19 23:13:39,2026-07-20 02:13:39,Udarsh Soman,Police Head Constable 5675,+91-6666266928,"36/785, Dhaliwal Street, Saharanpur 976905",Oscar Parsa,Inspector of Police,POBN39790,Md. Amol Mody,+91-5730267951,32,1975,"99, Rai Street, Gwalior-252619",Unemployed,Pockmarks on face,KEM Hospital Mumbai
0399/2026,Byculla Police Station,"Brihanmumbai City, Maharashtra","Maharashtra Prohibition Act, 1949 - Sec 85(1)",2026-09-01 18:32:03,2026-09-01 20:32:03,Tristan Saraf,Police Head Constable 4006,+91-6702256423,"18, Pradhan Nagar, Loni-219002",Aadi Suresh,Inspector of Police,POBN86927,Md. Zaid Bhattacharyya,+91-9402246831,34,1999,"56/792, Thaker Nagar, Tiruvottiyur-673339",Unemployed,,Nair Hospital Mumbai
0827/2026,Kalachowki Police Station,"Brihanmumbai City, Maharashtra","Maharashtra Prohibition Act, 1949 - Sec 85(1)",2026-07-22 18:47:58,2026-07-22 21:47:58,Vivaan Karnik,Police Head Constable 7726,+91-7695255689,"13/12, Bath Zila, Hajipur 410613",Nathaniel Balan,Inspector of Police,POBN51906,Md. Nicholas Karpe,+91-8749925305,54,2002,"H.No. 874, De Nagar, Jalna 107663",Private Worker,Tattoo on forearm,Nair Hospital Mumbai
0847/2026,Tardeo Police Station,"Brihanmumbai City, Maharashtra","Maharashtra Prohibition Act, 1949 - Sec 85(1)",2026-08-22 23:58:01,2026-08-23 00:58:01,Ayushman Soni,Police Head Constable 9217,+91-9810657397,"53, Sant Zila, Nizamabad-634759",Chatura Hans,Inspector of Police,POBN84224,Md. Indrajit Kunda,+91-6926567843,37,1994,"H.No. 016, Konda Ganj, Amritsar-101314",Private Worker,Pockmarks on face,Nair Hospital Mumbai
0307/2026,Worli Police Station,"Brihanmumbai City, Maharashtra","Maharashtra Prohibition Act, 1949 - Sec 85(1)",2026-08-12 10:11:43,2026-08-12 12:11:43,Viraj Peri,Police Head Constable 5387,+91-3078089411,"H.No. 906, Deep Chowk, Bharatpur-348683",Falan Sawhney,Inspector of Police,POBN38633,Md. Akshay Lata,+91-2325906102,31,1987,"H.No. 32, Vig Circle, Nagercoil-693835",Vendor,Mole on neck,Sion Hospital Mumbai
0789/2026,Tardeo Police Station,"Brihanmumbai City, Maharashtra","Maharashtra Prohibition Act, 1949 - Sec 85(1)",2026-08-10 21:45:55,2026-08-11 01:45:55,Vivaan Choudhury,Police Head Constable 9693,+91-2247053630,"20/32, Borde Circle, Ajmer-133313",Sai Kaul,Inspector of Police,POBN63776,Md. Tejas Nigam,+91-4414875019,31,1998,"H.No. 987, Dhingra Nagar, Delhi 840190",Unemployed,,Sion Hospital Mumbai
0509/2026,Byculla Police Station,"Brihanmumbai City, Maharashtra","Maharashtra Prohibition Act, 1949 - Sec 85(1)",2026-08-07 21:41:12,2026-08-07 23:41:12,Siddharth Choudhary,Police Head Constable 5424,+91-8315637511,"55, Ramakrishnan Road, Anantapur-333890",Zehaan Srinivas,Inspector of Police,POBN14824,Md. Elijah Ganguly,+91-6320194538,23,1992,"049, Sur, Rajahmundry-325404",Unemployed,,Sion Hospital Mumbai
0605/2026,Bhoiwada Police Station,"Brihanmumbai City, Maharashtra","Maharashtra Prohibition Act, 1949 - Sec 85(1)",2026-08-25 05:09:33,2026-08-25 06:09:33,Dalbir Reddy,Police Head Constable 8842,+91-4327753411,"31, Mutti Street, Ballia-408277",Krishna Dar,Inspector of Police,POBN77607,Md. Reyansh Mangal,+91-0193610079,53,1969,"37, Shanker Path, Sultan Pur Majra 177739",Vendor,,Nair Hospital Mumbai
0486/2026,Kalachowki Police Station,"Brihanmumbai City, Maharashtra","Maharashtra Prohibition Act, 1949 - Sec 85(1)",2026-09-03 02:12:18,2026-09-03 05:12:18,Owen Rajagopalan,Police Head Constable 7862,+91-4160665874,"H.No. 398, Lad Ganj, Warangal-198397",Darsh Bera,Inspector of Police,POBN94462,Md. Jatin Murthy,+91-0437844453,60,1967,"33/14, Merchant Street, Nagercoil-218988",Driver,Pockmarks on face,Sion Hospital Mumbai
0725/2026,Tardeo Police Station,"Brihanmumbai City, Maharashtra","Maharashtra Prohibition Act, 1949 - Sec 85(1)",2026-08-07 18:52:59,2026-08-07 22:52:59,Tarak Doctor,Police Head Constable 5336,+91-8045042899,"36, Pandit Nagar, Pune-240948",Pranav Sant,Inspector of Police,POBN70182,Md. Anay Minhas,+91-4475823294,51,1975,"21/521, Char Street, Dindigul-139633",Private Worker,Pockmarks on face,KEM Hospital Mumbai
0456/2026,Kalachowki Police Station,"Brihanmumbai City, Maharashtra","Maharashtra Prohibition Act, 1949 - Sec 85(1)",2026-07-17 05:10:08,2026-07-17 08:10:08,Aditya Ahluwalia,Police Head Constable 4392,+91-7602390164,"H.No. 046, Dey Nagar, Shimla-022283",Yash Memon,Inspector of Police,POBN56895,Md. Jeet Saha,+91-2751214628,60,1988,"72/251, Babu Road, Thoothukudi-043129",Unemployed,Tattoo on forearm,Nair Hospital Mumbai
0413/2026,Worli Police Station,"Brihanmumbai City, Maharashtra","Maharashtra Prohibition Act, 1949 - Sec 85(1)",2026-08-20 08:44:23,2026-08-20 11:44:23,Shaurya Bhatt,Police Head Constable 1502,+91-0235794923,"H.No. 33, Purohit, Gwalior 064890",Brijesh Bumb,Inspector of Police,POBN14704,Md. Wriddhish Varty,+91-8726663475,35,1984,"07, Sachdev Road, Muzaffarnagar-504966",Driver,Scar on left cheek,Nair Hospital Mumbai
0053/2026,Byculla Police Station,"Brihanmumbai City, Maharashtra","Maharashtra Prohibition Act, 1949 - Sec 85(1)",2026-08-25 18:55:39,2026-08-25 20:55:39,Atharv Seshadri,Police Head Constable 2920,+91-5053320862,"11/888, Dhawan Path, Kulti 737046",William Chacko,Inspector of Police,POBN31753,Md. Kevin Ganesan,+91-5505012573,41,1994,"78/484, Ram Street, Kalyan-Dombivli-359386",Private Worker,Pockmarks on face,Sion Hospital Mumbai
0263/2026,Tardeo Police Station,"Brihanmumbai City, Maharashtra","Maharashtra Prohibition Act, 1949 - Sec 85(1)",2026-07-15 06:57:45,2026-07-15 09:57:45,Zayan Borde,Police Head Constable 1761,+91-5847072706,"41, Ram Marg, Nashik 776376",Samesh Bail,Inspector of Police,POBN56293,Md. Frado Dhingra,+91-0333553548,25,1994,"18/36, Buch Path, Mau 994042",Private Worker,Pockmarks on face,Nair Hospital Mumbai
0039/2026,Kalachowki Police Station,"Brihanmumbai City, Maharashtra","Maharashtra Prohibition Act, 1949 - Sec 85(1)",2026-07-22 06:35:53,2026-07-22 08:35:53,Lakshit Prakash,Police Head Constable 2575,+91-3989805579,"H.No. 57, Sridhar Path, Serampore-863510",Daniel Koshy,Inspector of Police,POBN49773,Md. Naveen Tailor,+91-1549231524,38,1977,"H.No. 412, Cherian Road, Jorhat 073514",Driver,,KEM Hospital Mumbai
0856/2026,Nagpada Police Station,"Brihanmumbai City, Maharashtra","Maharashtra Prohibition Act, 1949 - Sec 85(1)",2026-09-02 04:35:52,2026-09-02 06:35:52,Avi Bora,Police Head Constable 7221,+91-3592937331,"19/304, Dhar Zila, Bellary 460007",Abdul Pradhan,Inspector of Police,POBN90910,Md. Dominic Gupta,+91-9954528199,36,1978,"497, Panchal Road, Kumbakonam 532840",Vendor,Scar on left cheek,Nair Hospital Mumbai
0728/2026,Worli Police Station,"Brihanmumbai City, Maharashtra","Maharashtra Prohibition Act, 1949 - Sec 85(1)",2026-08-17 21:57:18,2026-08-18 01:57:18,Maanas Din,Police Head Constable 3783,+91-0353284375,"H.No. 464, Sarna Nagar, Barasat-356081",Hardik Brahmbhatt,Inspector of Police,POBN48122,Md. Frederick Nori,+91-0009063115,55,1999,"36/441, Dora Ganj, Delhi-586473",Driver,Scar on left cheek,Sion Hospital Mumbai
0596/2026,Byculla Police Station,"Brihanmumbai City, Maharashtra","Maharashtra Prohibition Act, 1949 - Sec 85(1)",2026-08-18 01:43:26,2026-08-18 04:43:26,Manbir Khatri,Police Head Constable 5602,+91-4683045805,"68/299, Jha Road, Durgapur-674879",Pranit Bakshi,Inspector of Police,POBN36002,Md. Brijesh Goda,+91-6454080360,48,1974,"33, Virk Marg, Amravati 466977",Daily Wager,Mole on neck,Nair Hospital Mumbai
0654/2026,Agripada Police Station,"Brihanmumbai City, Maharashtra","Maharashtra Prohibition Act, 1949 - Sec 85(1)",2026-07-16 01:33:30,2026-07-16 05:33:30,Krishna Tank,Police Head Constable 5676,+91-4347329687,"82/10, Arya Nagar, Berhampur 357296",Hemang Mittal,Inspector of Police,POBN19247,Md. Qadim Solanki,+91-6530338206,25,1998,"H.No. 039, Rajagopalan Ganj, Warangal 159772",Driver,Tattoo on forearm,KEM Hospital Mumbai
0573/2026,Dadar Police Station,"Brihanmumbai City, Maharashtra","Maharashtra Prohibition Act, 1949 - Sec 85(1)",2026-08-25 01:05:59,2026-08-25 02:05:59,Arjun Chakrabarti,Police Head Constable 2694,+91-2825102616,"808, Verma Zila, Katni-521941",Luke Chatterjee,Inspector of Police,POBN68352,Md. Daniel Raman,+91-5203140569,37,1967,"66, Kulkarni Marg, Haldia 016379",Driver,,KEM Hospital Mumbai
0225/2026,Dadar Police Station,"Brihanmumbai City, Maharashtra","Maharashtra Prohibition Act, 1949 - Sec 85(1)",2026-07-27 04:58:13,2026-07-27 05:58:13,Om Purohit,Police Head Constable 3690,+91-5953993995,"490, Walla Chowk, Raiganj-405188",Dhruv Ramakrishnan,Inspector of Police,POBN29118,Md. Vihaan Vohra,+91-1608300776,48,1988,"H.No. 41, Sani Circle, Amaravati-650012",Unemployed,Scar on left cheek,Nair Hospital Mumbai
0683/2026,Agripada Police Station,"Brihanmumbai City, Maharashtra","Maharashtra Prohibition Act, 1949 - Sec 85(1)",2026-08-01 07:16:02,2026-08-01 08:16:02,Wahab Hayre,Police Head Constable 6166,+91-4951314521,"460, Memon Chowk, Bidar-793519",Oscar Uppal,Inspector of Police,POBN54442,Md. David Nayak,+91-0908250618,51,1981,"H.No. 10, Kumar Ganj, Navi Mumbai 554174",Unemployed,,Nair Hospital Mumbai
0430/2026,Agripada Police Station,"Brihanmumbai City, Maharashtra","Maharashtra Prohibition Act, 1949 - Sec 85(1)",2026-07-16 17:49:37,2026-07-16 20:49:37,Michael Tak,Police Head Constable 5749,+91-8147100696,"H.No. 80, Murthy Marg, Udupi-533093",Chandresh Dass,Inspector of Police,POBN73078,Md. Harish Bali,+91-6463599241,31,1967,"48/973, Bath Zila, Gurgaon 385665",Driver,Tattoo on forearm,KEM Hospital Mumbai
0123/2026,Nagpada Police Station,"Brihanmumbai City, Maharashtra","Maharashtra Prohibition Act, 1949 - Sec 85(1)",2026-09-01 12:40:47,2026-09-01 14:40:47,Rudra Bhat,Police Head Constable 1082,+91-6677816490,"64/63, Narain Street, Bharatpur-130027",Rehaan Shah,Inspector of Police,POBN22914,Md. Matthew Om,+91-2323764440,38,1971,"H.No. 216, Agarwal Nagar, Durg-957986",Vendor,,Sion Hospital Mumbai
0168/2026,Nagpada Police Station,"Brihanmumbai City, Maharashtra","Maharashtra Prohibition Act, 1949 - Sec 85(1)",2026-07-19 23:49:26,2026-07-20 01:49:26,Zehaan Ray,Police Head Constable 6404,+91-7978241298,"H.No. 98, Tella Road, Gorakhpur 001625",Indrajit Chaudhary,Inspector of Police,POBN53387,Md. Rayaan Bhavsar,+91-9135444363,26,1991,"49/33, Dewan Nagar, Durgapur-299985",Vendor,Pockmarks on face,Nair Hospital Mumbai
0755/2026,Dadar Police Station,"Brihanmumbai City, Maharashtra","Maharashtra Prohibition Act, 1949 - Sec 85(1)",2026-08-16 08:20:19,2026-08-16 11:20:19,Karan Mander,Police Head Constable 3847,+91-5355451421,"36/48, Patil Road, Bhiwandi 620368",Reyansh Nayar,Inspector of Police,POBN84551,Md. Hemang Shere,+91-1359460122,42,1991,"12, Gole Circle, Rajkot-845589",Vendor,Pockmarks on face,KEM Hospital Mumbai
0326/2026,Byculla Police Station,"Brihanmumbai City, Maharashtra","Maharashtra Prohibition Act, 1949 - Sec 85(1)",2026-07-31 14:25:37,2026-07-31 17:25:37,Zashil Chaudry,Police Head Constable 8749,+91-3265113003,"44, Naik Road, Ajmer 895767",Benjamin Ram,Inspector of Police,POBN65553,Md. Jeet Sachdeva,+91-4631009912,26,2000,"H.No. 742, Solanki Ganj, Bhind 517793",Driver,Tattoo on forearm,Sion Hospital Mumbai
0689/2026,Byculla Police Station,"Brihanmumbai City, Maharashtra","Maharashtra Prohibition Act, 1949 - Sec 85(1)",2026-07-15 18:41:59,2026-07-15 22:41:59,Laban Deo,Police Head Constable 7159,+91-8523575917,"H.No. 936, Kaur Marg, Mirzapur 466400",Shaurya Raja,Inspector of Police,POBN15152,Md. Zehaan Wali,+91-8000129596,60,2001,"079, Guha Ganj, Gulbarga-329054",Vendor,,Sion Hospital Mumbai
0104/2026,Byculla Police Station,"Brihanmumbai City, Maharashtra","Maharashtra Prohibition Act, 1949 - Sec 85(1)",2026-08-21 19:44:11,2026-08-21 20:44:11,Manan Taneja,Police Head Constable 1956,+91-2611656168,"H.No. 75, Datta Path, Kalyan-Dombivli 824816",Brijesh Dalal,Inspector of Police,POBN57485,Md. Aarnav Sekhon,+91-7235641635,56,1975,"35/75, Narula Road, Hubli–Dharwad-762808",Vendor,Pockmarks on face,Sion Hospital Mumbai
0227/2026,Byculla Police Station,"Brihanmumbai City, Maharashtra","Maharashtra Prohibition Act, 1949 - Sec 85(1)",2026-08-27 00:46:29,2026-08-27 04:46:29,Chanakya Dasgupta,Police Head Constable 4004,+91-0530941646,"67/01, Sagar Road, Latur 031400",Krishna Dhingra,Inspector of Police,POBN31943,Md. Qarin Balan,+91-4277185805,55,1975,"48/371, Solanki Street, Haldia-018673",Driver,Tattoo on forearm,Sion Hospital Mumbai
0353/2026,Worli Police Station,"Brihanmumbai City, Maharashtra","Maharashtra Prohibition Act, 1949 - Sec 85(1)",2026-08-27 08:32:31,2026-08-27 09:32:31,Falan Mutti,Police Head Constable 2279,+91-2789629331,"H.No. 174, Devan Path, Sambhal-723208",Oscar Atwal,Inspector of Police,POBN92165,Md. Balhaar Sami,+91-1715766898,43,2003,"105, Kala Chowk, Firozabad 379213",Unemployed,,Sion Hospital Mumbai
0420/2026,Byculla Police Station,"Brihanmumbai City, Maharashtra","Maharashtra Prohibition Act, 1949 - Sec 85(1)",2026-08-05 12:10:48,2026-08-05 15:10:48,Parth Badami,Police Head Constable 3200,+91-2804713414,"67, Kanda, Bokaro 496864",Nathaniel Kaur,Inspector of Police,POBN57809,Md. Warjas Khalsa,+91-2023838998,40,1976,"818, Khatri Road, Singrauli 703827",Driver,,Sion Hospital Mumbai
0286/2026,Worli Police Station,"Brihanmumbai City, Maharashtra","Maharashtra Prohibition Act, 1949 - Sec 85(1)",2026-08-19 08:38:27,2026-08-19 12:38:27,Shaurya Ramakrishnan,Police Head Constable 4621,+91-8569239205,"78/38, Shanker Road, Nanded 506243",Vivaan Dhar,Inspector of Police,POBN76126,Md. Christopher Pillai,+91-4293362242,34,1982,"36, Mitter Street, Ongole-349221",Driver,Scar on left cheek,Nair Hospital Mumbai
0112/2026,Byculla Police Station,"Brihanmumbai City, Maharashtra","Maharashtra Prohibition Act, 1949 - Sec 85(1)",2026-08-09 08:11:46,2026-08-09 11:11:46,Advik Varma,Police Head Constable 9190,+91-1196389101,"H.No. 986, Sastry Chowk, Korba 179285",Fariq Sagar,Inspector of Police,POBN25479,Md. Frederick Gade,+91-9749956561,28,1990,"74, Rege Ganj, Secunderabad 256394",Private Worker,Pockmarks on face,Nair Hospital Mumbai
0235/2026,Worli Police Station,"Brihanmumbai City, Maharashtra","Maharashtra Prohibition Act, 1949 - Sec 85(1)",2026-08-11 13:46:23,2026-08-11 14:46:23,Jagat Bala,Police Head Constable 9294,+91-4362290874,"252, Hegde Zila, Shimla 196863",Devansh Bali,Inspector of Police,POBN99787,Md. Raghav Manda,+91-9386771558,28,1970,"09, Sarraf Ganj, Anantapur-876158",Daily Wager,Mole on neck,KEM Hospital Mumbai
0460/2026,Nagpada Police Station,"Brihanmumbai City, Maharashtra","Maharashtra Prohibition Act, 1949 - Sec 85(1)",2026-08-31 23:10:07,2026-09-01 03:10:07,Bahadurjit Bora,Police Head Constable 4723,+91-0864026201,"14, Prabhu Road, Satna-627374",Thomas Borra,Inspector of Police,POBN88957,Md. Laban Sidhu,+91-1679781002,30,1971,"41/80, Dixit Road, Kamarhati 692176",Vendor,Mole on neck,Nair Hospital Mumbai
0009/2026,Byculla Police Station,"Brihanmumbai City, Maharashtra","Maharashtra Prohibition Act, 1949 - Sec 85(1)",2026-07-13 07:10:39,2026-07-13 11:10:39,Rehaan Sandhu,Police Head Constable 3526,+91-7875995341,"H.No. 32, Shukla Circle, Rajpur Sonarpur-508558",Azaan Kale,Inspector of Police,POBN15134,Md. Rudra Narula,+91-8771310836,46,1986,"H.No. 845, Baral Chowk, Ozhukarai 558576",Private Worker,,Sion Hospital Mumbai
0468/2026,Byculla Police Station,"Brihanmumbai City, Maharashtra","Maharashtra Prohibition Act, 1949 - Sec 85(1)",2026-08-10 00:37:15,2026-08-10 04:37:15,Darpan Gala,Police Head Constable 3476,+91-9098367389,"95, Shan Circle, Hapur-845245",Jagat Mannan,Inspector of Police,POBN10964,Md. George Ramaswamy,+91-0077344960,22,2005,"89/190, Bhatt Chowk, Ambarnath-916674",Driver,Tattoo on forearm,Nair Hospital Mumbai
0295/2026,Dadar Police Station,"Brihanmumbai City, Maharashtra","Maharashtra Prohibition Act, 1949 - Sec 85(1)",2026-08-08 02:36:14,2026-08-08 03:36:14,Wahab Dutt,Police Head Constable 8564,+91-6438178844,"200, Sandhu Nagar, Katni-244070",Sathvik Chaudhuri,Inspector of Police,POBN34436,Md. Owen Ganesh,+91-4501079897,51,1999,"97/956, Sinha Chowk, Gulbarga-583557",Private Worker,,Sion Hospital Mumbai
0545/2026,Nagpada Police Station,"Brihanmumbai City, Maharashtra","Maharashtra Prohibition Act, 1949 - Sec 85(1)",2026-07-26 18:09:53,2026-07-26 21:09:53,Charan Boase,Police Head Constable 4285,+91-2342009868,"57/555, Ramanathan Ganj, Amritsar-649882",Mason Madan,Inspector of Police,POBN65924,Md. Frado Raja,+91-3504184157,42,2002,"45/750, Varughese Marg, Sultan Pur Majra 962427",Unemployed,,Nair Hospital Mumbai
0460/2026,Tardeo Police Station,"Brihanmumbai City, Maharashtra","Maharashtra Prohibition Act, 1949 - Sec 85(1)",2026-09-02 21:48:39,2026-09-03 00:48:39,Arjun Shetty,Police Head Constable 1266,+91-7263156912,"28/978, Goda Chowk, Bihar Sharif-501378",Yatin Tiwari,Inspector of Police,POBN61700,Md. Zaid Nair,+91-2579426125,31,1968,"28, Mishra Ganj, Buxar-935199",Daily Wager,Scar on left cheek,Nair Hospital Mumbai
0233/2026,Worli Police Station,"Brihanmumbai City, Maharashtra","Maharashtra Prohibition Act, 1949 - Sec 85(1)",2026-07-27 22:41:57,2026-07-27 23:41:57,Wazir Roy,Police Head Constable 4788,+91-4123390132,"389, Bora Ganj, Junagadh-383236",Laban Mishra,Inspector of Police,POBN89843,Md. Harsh Samra,+91-8762291976,54,1994,"199, Swamy Chowk, Karimnagar 236837",Daily Wager,Mole on neck,Nair Hospital Mumbai
0777/2026,Agripada Police Station,"Brihanmumbai City, Maharashtra","Maharashtra Prohibition Act, 1949 - Sec 85(1)",2026-08-05 14:19:35,2026-08-05 15:19:35,Vedant Salvi,Police Head Constable 8773,+91-1095148792,"H.No. 750, Manda Road, Karnal-556398",Manbir Sachar,Inspector of Police,POBN37797,Md. Ansh Sandal,+91-2507232638,33,1976,"H.No. 03, Sarkar Ganj, Dibrugarh 004311",Daily Wager,Mole on neck,Nair Hospital Mumbai
0871/2026,Kalachowki Police Station,"Brihanmumbai City, Maharashtra","Maharashtra Prohibition Act, 1949 - Sec 85(1)",2026-07-31 10:59:21,2026-07-31 14:59:21,Anmol Kakar,Police Head Constable 1826,+91-8684228993,"12/741, Chana Nagar, New Delhi-414216",Azad Khurana,Inspector of Police,POBN42828,Md. Harrison Sarna,+91-0277658032,42,1998,"980, Sama Chowk, Bharatpur-110413",Private Worker,Scar on left cheek,Nair Hospital Mumbai
0895/2026,Tardeo Police Station,"Brihanmumbai City, Maharashtra","Maharashtra Prohibition Act, 1949 - Sec 85(1)",2026-08-13 02:12:52,2026-08-13 04:12:52,Madhav Ratti,Police Head Constable 3184,+91-9936929280,"86/139, Mallick Nagar, Erode 950951",Abeer Sarin,Inspector of Police,POBN85553,Md. Gaurang Bhatti,+91-7194825001,35,2002,"241, Chaudry, Bareilly 550320",Daily Wager,,Nair Hospital Mumbai
0881/2026,Bhoiwada Police Station,"Brihanmumbai City, Maharashtra","Maharashtra Prohibition Act, 1949 - Sec 85(1)",2026-08-30 10:00:31,2026-08-30 14:00:31,Wyatt Kara,Police Head Constable 1205,+91-5538007022,"84/46, Arya, Kirari Suleman Nagar-760619",Daksh Dalal,Inspector of Police,POBN70795,Md. Vedant Padmanabhan,+91-2530358841,41,1969,"H.No. 432, Shanker Circle, Morena 509062",Unemployed,Mole on neck,Sion Hospital Mumbai
0055/2026,Tardeo Police Station,"Brihanmumbai City, Maharashtra","Maharashtra Prohibition Act, 1949 - Sec 85(1)",2026-07-22 02:35:39,2026-07-22 05:35:39,Gunbir Nagi,Police Head Constable 3319,+91-1688719532,"775, Zacharia Chowk, Bihar Sharif 881277",Max Reddy,Inspector of Police,POBN59589,Md. Yagnesh Zacharia,+91-1681067925,51,1970,"23/57, Nayak Chowk, Bhilwara 432618",Unemployed,,Nair Hospital Mumbai
0762/2026,Dadar Police Station,"Brihanmumbai City, Maharashtra","Maharashtra Prohibition Act, 1949 - Sec 85(1)",2026-07-14 08:14:29,2026-07-14 10:14:29,Nakul Chada,Police Head Constable 2117,+91-2605112506,"H.No. 010, Solanki Ganj, Hazaribagh 549329",Avi Brahmbhatt,Inspector of Police,POBN85512,Md. Alexander Master,+91-9405178098,28,2003,"14/507, Banerjee Street, Nanded 783628",Unemployed,,Sion Hospital Mumbai
0977/2026,Byculla Police Station,"Brihanmumbai City, Maharashtra","Maharashtra Prohibition Act, 1949 - Sec 85(1)",2026-09-03 09:22:42,2026-09-03 12:22:42,Nicholas Vig,Police Head Constable 9982,+91-5308340056,"38/90, Nori, Varanasi 396853",Pranav Acharya,Inspector of Police,POBN83427,Md. Onveer Bahl,+91-8335561055,24,1999,"H.No. 537, Walia Road, Panchkula 709188",Driver,Pockmarks on face,KEM Hospital Mumbai
0760/2026,Worli Police Station,"Brihanmumbai City, Maharashtra","Maharashtra Prohibition Act, 1949 - Sec 85(1)",2026-08-10 18:32:06,2026-08-10 19:32:06,Avi Pandit,Police Head Constable 1979,+91-7301898755,"H.No. 66, Hora Chowk, Mehsana-523890",Oliver Kala,Inspector of Police,POBN47360,Md. Darsh Sampath,+91-7458410398,43,1976,"17/264, Sagar Street, Kurnool 371116",Vendor,Pockmarks on face,KEM Hospital Mumbai
0292/2026,Nagpada Police Station,"Brihanmumbai City, Maharashtra","Maharashtra Prohibition Act, 1949 - Sec 85(1)",2026-07-15 16:45:56,2026-07-15 19:45:56,Wyatt Gara,Police Head Constable 8035,+91-7285536535,"91, Nori Road, Noida 962510",Yug Tara,Inspector of Police,POBN90176,Md. Wridesh Virk,+91-2343985265,28,1986,"H.No. 935, Keer Zila, Pudukkottai-352247",Vendor,Pockmarks on face,Sion Hospital Mumbai
0069/2026,Byculla Police Station,"Brihanmumbai City, Maharashtra","Maharashtra Prohibition Act, 1949 - Sec 85(1)",2026-07-21 23:38:38,2026-07-22 03:38:38,Ayushman Hora,Police Head Constable 5510,+91-4173608560,"H.No. 050, Tiwari Circle, Lucknow 786358",Lohit Ghose,Inspector of Police,POBN89914,Md. Wridesh Bali,+91-2971614670,59,1996,"H.No. 47, Shroff Road, Yamunanagar-773943",Daily Wager,Pockmarks on face,Sion Hospital Mumbai
0660/2026,Tardeo Police Station,"Brihanmumbai City, Maharashtra","Maharashtra Prohibition Act, 1949 - Sec 85(1)",2026-07-24 20:15:34,2026-07-25 00:15:34,Ekapad Basu,Police Head Constable 2141,+91-9418497467,"396, Gill Marg, Karaikudi-142805",Tejas Varma,Inspector of Police,POBN51010,Md. Chakradhar Batta,+91-9000406254,33,1979,"70/82, Patel Zila, Chennai-325394",Driver,Tattoo on forearm,Sion Hospital Mumbai
0323/2026,Tardeo Police Station,"Brihanmumbai City, Maharashtra","Maharashtra Prohibition Act, 1949 - Sec 85(1)",2026-07-23 13:28:00,2026-07-23 17:28:00,Faras Sant,Police Head Constable 7342,+91-0626266386,"H.No. 277, Jha Marg, Mango-228290",Jackson Bansal,Inspector of Police,POBN81833,Md. Sathvik Pant,+91-1554078824,54,2002,"34/946, Pingle Street, Etawah-780265",Unemployed,Mole on neck,Sion Hospital Mumbai
0943/2026,Kalachowki Police Station,"Brihanmumbai City, Maharashtra","Maharashtra Prohibition Act, 1949 - Sec 85(1)",2026-08-16 04:00:30,2026-08-16 07:00:30,Jatin Sengupta,Police Head Constable 8171,+91-7005332538,"96, Dube Circle, Jehanabad-113813",Gagan Sachdev,Inspector of Police,POBN94466,Md. Samar Nagar,+91-3604313547,33,1995,"H.No. 057, Karpe Chowk, Loni 773662",Daily Wager,Tattoo on forearm,Nair Hospital Mumbai
0173/2026,Worli Police Station,"Brihanmumbai City, Maharashtra","Maharashtra Prohibition Act, 1949 - Sec 85(1)",2026-08-20 07:42:42,2026-08-20 10:42:42,Zehaan Batra,Police Head Constable 1397,+91-6778766990,"07/58, Tak Marg, Fatehpur 647230",Ryan Ramaswamy,Inspector of Police,POBN12860,Md. Chanakya Chaudhari,+91-7907250746,33,1993,"11/068, Saraf Circle, Jhansi-520091",Unemployed,Tattoo on forearm,Nair Hospital Mumbai
0734/2026,Agripada Police Station,"Brihanmumbai City, Maharashtra","Maharashtra Prohibition Act, 1949 - Sec 85(1)",2026-08-10 20:58:52,2026-08-10 23:58:52,Arin Chopra,Police Head Constable 8112,+91-5194115213,"616, Puri, Junagadh 216342",Aarnav Chowdhury,Inspector of Police,POBN23992,Md. Umang Sabharwal,+91-6997065590,38,1975,"438, Dara, Phagwara 641048",Vendor,Tattoo on forearm,Sion Hospital Mumbai
0021/2026,Nagpada Police Station,"Brihanmumbai City, Maharashtra","Maharashtra Prohibition Act, 1949 - Sec 85(1)",2026-09-01 04:54:48,2026-09-01 06:54:48,Ishwar Karnik,Police Head Constable 8109,+91-3937687454,"91/15, Bahri Zila, Karimnagar 803479",Vincent Sidhu,Inspector of Police,POBN53762,Md. Veer Devi,+91-5037744332,49,1972,"68/252, Ravi Path, Bangalore-760965",Private Worker,Tattoo on forearm,KEM Hospital Mumbai
0439/2026,Agripada Police Station,"Brihanmumbai City, Maharashtra","Maharashtra Prohibition Act, 1949 - Sec 85(1)",2026-07-15 12:19:40,2026-07-15 13:19:40,Amol Munshi,Police Head Constable 3179,+91-6320588562,"H.No. 732, Bansal Marg, Chapra 559526",Farhan Dubey,Inspector of Police,POBN30447,Md. Falan Krishna,+91-8579159927,51,2000,"H.No. 797, Vaidya Street, Jamalpur-747921",Driver,Scar on left cheek,Nair Hospital Mumbai
0252/2026,Nagpada Police Station,"Brihanmumbai City, Maharashtra","Maharashtra Prohibition Act, 1949 - Sec 85(1)",2026-08-22 08:53:36,2026-08-22 12:53:36,Mitesh Dara,Police Head Constable 8951,+91-1287316165,"93/88, Kala Street, Kavali 492012",Hemang Chowdhury,Inspector of Police,POBN36473,Md. Yagnesh Tak,+91-9377098052,31,1969,"H.No. 71, Gopal Zila, Faridabad-978939",Private Worker,Mole on neck,Nair Hospital Mumbai
0716/2026,Byculla Police Station,"Brihanmumbai City, Maharashtra","Maharashtra Prohibition Act, 1949 - Sec 85(1)",2026-08-27 05:59:44,2026-08-27 09:59:44,Balvan Gupta,Police Head Constable 9763,+91-2880595938,"91/20, Swamy Road, Thrissur 599090",Michael Walla,Inspector of Police,POBN25468,Md. Jagdish Acharya,+91-6400189254,60,1999,"H.No. 553, Pandya Path, Bongaigaon 209148",Private Worker,,Sion Hospital Mumbai
0371/2026,Worli Police Station,"Brihanmumbai City, Maharashtra","Maharashtra Prohibition Act, 1949 - Sec 85(1)",2026-09-05 13:44:41,2026-09-05 14:44:41,Xavier Yohannan,Police Head Constable 7519,+91-5654904106,"633, Soman Ganj, Allahabad-112253",Ranbir Raja,Inspector of Police,POBN53857,Md. Samar Golla,+91-4830450019,35,2005,"H.No. 71, Gera, Karaikudi-859682",Private Worker,Scar on left cheek,Nair Hospital Mumbai
0983/2026,Nagpada Police Station,"Brihanmumbai City, Maharashtra","Maharashtra Prohibition Act, 1949 - Sec 85(1)",2026-07-25 04:56:55,2026-07-25 08:56:55,Isaac Ravi,Police Head Constable 2847,+91-0995490883,"H.No. 282, Tailor Street, Durgapur 049470",Jagdish Nagarajan,Inspector of Police,POBN16244,Md. Teerth Bhargava,+91-7611970993,21,1982,"08/067, Oommen Road, Guntakal-846979",Vendor,Pockmarks on face,KEM Hospital Mumbai
0499/2026,Nagpada Police Station,"Brihanmumbai City, Maharashtra","Maharashtra Prohibition Act, 1949 - Sec 85(1)",2026-07-14 03:34:43,2026-07-14 04:34:43,Udant Dugar,Police Head Constable 5429,+91-4760845412,"651, Saran Road, Thrissur 069089",Frado Khare,Inspector of Police,POBN37327,Md. Manan Subramanian,+91-8164539334,45,1988,"384, Khare Ganj, Noida-093996",Private Worker,,KEM Hospital Mumbai
0687/2026,Tardeo Police Station,"Brihanmumbai City, Maharashtra","Maharashtra Prohibition Act, 1949 - Sec 85(1)",2026-07-21 11:17:17,2026-07-21 12:17:17,Wridesh Thakkar,Police Head Constable 1314,+91-8822847832,"31, Hora Path, Ludhiana-583198",Chandresh Parikh,Inspector of Police,POBN87457,Md. Oliver Dasgupta,+91-0224687988,37,1969,"399, Nayar Ganj, Munger 005874",Driver,Mole on neck,Nair Hospital Mumbai
0819/2026,Agripada Police Station,"Brihanmumbai City, Maharashtra","Maharashtra Prohibition Act, 1949 - Sec 85(1)",2026-08-21 15:45:23,2026-08-21 19:45:23,Charles Bhagat,Police Head Constable 4435,+91-3599114112,"430, Sarraf Circle, Amritsar 802162",Logan Toor,Inspector of Police,POBN22303,Md. Ranbir Bains,+91-6072329900,32,1971,"74/722, Om Marg, Ramgarh-994514",Unemployed,Pockmarks on face,Nair Hospital Mumbai
0777/2026,Kalachowki Police Station,"Brihanmumbai City, Maharashtra","Maharashtra Prohibition Act, 1949 - Sec 85(1)",2026-09-04 05:55:36,2026-09-04 09:55:36,Kabir Narain,Police Head Constable 3060,+91-1701532923,"04, Ghose Chowk, North Dumdum-841029",Charan Chahal,Inspector of Police,POBN48448,Md. Karan Mistry,+91-3203295820,28,1978,"88/93, Grover Nagar, Tadepalligudem-343747",Unemployed,Tattoo on forearm,Sion Hospital Mumbai
0702/2026,Tardeo Police Station,"Brihanmumbai City, Maharashtra","Maharashtra Prohibition Act, 1949 - Sec 85(1)",2026-08-18 05:44:05,2026-08-18 07:44:05,Qadim Varughese,Police Head Constable 5638,+91-1383670456,"30, Sarin Zila, Mahbubnagar-977057",Noah Madan,Inspector of Police,POBN30876,Md. Dev Mani,+91-7339277969,56,2002,"05, Barad Ganj, Thanjavur-715639",Private Worker,Scar on left cheek,Nair Hospital Mumbai
1001/2026,Byculla Police Station,"Brihanmumbai City, Maharashtra","Maharashtra Prohibition Act, 1949 - Sec 85(1)",2026-08-26 19:15:00,2026-08-12 21:55:00,Ayushman Hora,Police Head Constable 5510,+91-4173608560,"H.No. 050, Tiwari Circle, Lucknow 786358",Lohit Ghose,Inspector of Police,POBN89914,Md. Wridesh Bali,+91-2971614670,59,1996,"H.No. 47, Shroff Road, Yamunanagar-773943",Daily Wager,Pockmarks on face,Sion Hospital Mumbai
1002/2026,Byculla Police Station,"Brihanmumbai City, Maharashtra","Maharashtra Prohibition Act, 1949 - Sec 85(1)",2026-08-25 19:15:00,2026-08-17 16:55:00,Ayushman Hora,Police Head Constable 5510,+91-4173608560,"H.No. 050, Tiwari Circle, Lucknow 786358",Lohit Ghose,Inspector of Police,POBN89914,Md. Wridesh Bali,+91-2971614670,59,1996,"H.No. 47, Shroff Road, Yamunanagar-773943",Daily Wager,Pockmarks on face,Sion Hospital Mumbai
1003/2026,Agripada Police Station,"Brihanmumbai City, Maharashtra","Maharashtra Prohibition Act, 1949 - Sec 85(1)",2026-08-13 10:15:00,2026-08-22 10:55:00,Wahab Hayre,Police Head Constable 6166,+91-4951314521,"460, Memon Chowk, Bidar-793519",Oscar Uppal,Inspector of Police,POBN54442,Md. David Nayak,+91-0908250618,51,1981,"H.No. 10, Kumar Ganj, Navi Mumbai 554174",Unemployed,,Nair Hospital Mumbai
1004/2026,Dadar Police Station,"Brihanmumbai City, Maharashtra","Maharashtra Prohibition Act, 1949 - Sec 85(1)",2026-08-17 15:15:00,2026-08-24 19:55:00,Wahab Dutt,Police Head Constable 8564,+91-6438178844,"200, Sandhu Nagar, Katni-244070",Sathvik Chaudhuri,Inspector of Police,POBN34436,Md. Owen Ganesh,+91-4501079897,51,1999,"97/956, Sinha Chowk, Gulbarga-583557",Private Worker,,Sion Hospital Mumbai
1005/2026,Tardeo Police Station,"Brihanmumbai City, Maharashtra","Maharashtra Prohibition Act, 1949 - Sec 85(1)",2026-08-25 11:15:00,2026-08-20 12:55:00,Zayan Borde,Police Head Constable 1761,+91-5847072706,"41, Ram Marg, Nashik 776376",Samesh Bail,Inspector of Police,POBN56293,Md. Frado Dhingra,+91-0333553548,25,1994,"18/36, Buch Path, Mau 994042",Private Worker,Pockmarks on face,Nair Hospital Mumbai
1006/2026,Byculla Police Station,"Brihanmumbai City, Maharashtra","Maharashtra Prohibition Act, 1949 - Sec 85(1)",2026-08-28 11:15:00,2026-08-14 14:55:00,Atharv Seshadri,Police Head Constable 2920,+91-5053320862,"11/888, Dhawan Path, Kulti 737046",William Chacko,Inspector of Police,POBN31753,Md. Kevin Ganesan,+91-5505012573,41,1994,"78/484, Ram Street, Kalyan-Dombivli-359386",Private Worker,Pockmarks on face,Sion Hospital Mumbai
1007/2026,Bhoiwada Police Station,"Brihanmumbai City, Maharashtra","Maharashtra Prohibition Act, 1949 - Sec 85(1)",2026-08-15 17:15:00,2026-08-28 19:55:00,Dalbir Reddy,Police Head Constable 8842,+91-4327753411,"31, Mutti Street, Ballia-408277",Krishna Dar,Inspector of Police,POBN77607,Md. Reyansh Mangal,+91-0193610079,53,1969,"37, Shanker Path, Sultan Pur Majra 177739",Vendor,,Nair Hospital Mumbai
1008/2026,Bhoiwada Police Station,"Brihanmumbai City, Maharashtra","Maharashtra Prohibition Act, 1949 - Sec 85(1)",2026-08-17 20:15:00,2026-08-14 18:55:00,Dalbir Reddy,Police Head Constable 8842,+91-4327753411,"31, Mutti Street, Ballia-408277",Krishna Dar,Inspector of Police,POBN77607,Md. Reyansh Mangal,+91-0193610079,53,1969,"37, Shanker Path, Sultan Pur Majra 177739",Vendor,,Nair Hospital Mumbai
1009/2026,Byculla Police Station,"Brihanmumbai City, Maharashtra","Maharashtra Prohibition Act, 1949 - Sec 85(1)",2026-08-24 14:15:00,2026-08-25 20:55:00,Manthan Srivastava,Police Head Constable 6175,+91-8315335725,"H.No. 29, Sengupta Circle, Gwalior 869610",Devansh Vasa,Inspector of Police,POBN17528,Md. Gopal Radhakrishnan,+91-9997632226,56,2003,"860, Shanker Zila, Kozhikode-719359",Unemployed,,Nair Hospital Mumbai
1010/2026,Byculla Police Station,"Brihanmumbai City, Maharashtra","Maharashtra Prohibition Act, 1949 - Sec 85(1)",2026-08-20 15:15:00,2026-08-27 16:55:00,Manthan Srivastava,Police Head Constable 6175,+91-8315335725,"H.No. 29, Sengupta Circle, Gwalior 869610",Devansh Vasa,Inspector of Police,POBN17528,Md. Gopal Radhakrishnan,+91-9997632226,56,2003,"860, Shanker Zila, Kozhikode-719359",Unemployed,,Nair Hospital Mumbai
1011/2026,Byculla Police Station,"Brihanmumbai City, Maharashtra","Maharashtra Prohibition Act, 1949 - Sec 85(1)",2026-08-20 12:15:00,2026-08-17 15:55:00,Nicholas Vig,Police Head Constable 9982,+91-5308340056,"38/90, Nori, Varanasi 396853",Pranav Acharya,Inspector of Police,POBN83427,Md. Onveer Bahl,+91-8335561055,24,1999,"H.No. 537, Walia Road, Panchkula 709188",Driver,Pockmarks on face,KEM Hospital Mumbai
1012/2026,Byculla Police Station,"Brihanmumbai City, Maharashtra","Maharashtra Prohibition Act, 1949 - Sec 85(1)",2026-08-25 14:15:00,2026-08-24 15:55:00,Nicholas Vig,Police Head Constable 9982,+91-5308340056,"38/90, Nori, Varanasi 396853",Pranav Acharya,Inspector of Police,POBN83427,Md. Onveer Bahl,+91-8335561055,24,1999,"H.No. 537, Walia Road, Panchkula 709188",Driver,Pockmarks on face,KEM Hospital Mumbai
1013/2026,Bhoiwada Police Station,"Brihanmumbai City, Maharashtra","Maharashtra Prohibition Act, 1949 - Sec 85(1)",2026-08-16 10:15:00,2026-08-23 14:55:00,Jatin Sawhney,Police Head Constable 7084,+91-6164323583,"H.No. 515, Oza Zila, Faridabad 327791",Timothy Saxena,Inspector of Police,POBN31335,Md. Arjun Sheth,+91-6111449019,32,1983,"H.No. 667, Sathe Nagar, Hindupur 267698",Unemployed,Pockmarks on face,KEM Hospital Mumbai
1014/2026,Kalachowki Police Station,"Brihanmumbai City, Maharashtra","Maharashtra Prohibition Act, 1949 - Sec 85(1)",2026-08-20 14:15:00,2026-08-13 17:55:00,Jacob Aurora,Police Head Constable 2944,+91-1656216911,"H.No. 32, Parekh Zila, Kottayam 097710",Naveen Sha,Inspector of Police,POBN61206,Md. Ojas Bhavsar,+91-3088060716,51,1987,"H.No. 336, Sinha Chowk, Korba 820202",Vendor,,Nair Hospital Mumbai
1015/2026,Agripada Police Station,"Brihanmumbai City, Maharashtra","Maharashtra Prohibition Act, 1949 - Sec 85(1)",2026-08-17 16:15:00,2026-08-27 12:55:00,Qadim Tandon,Police Head Constable 2185,+91-0375017628,"175, Ramaswamy Chowk, Ichalkaranji 443294",Karan Kothari,Inspector of Police,POBN59556,Md. Ayush Buch,+91-8561621656,48,2004,"651, Jayaraman Road, Vasai-Virar 722142",Vendor,,Sion Hospital Mumbai
1016/2026,Worli Police Station,"Brihanmumbai City, Maharashtra","Maharashtra Prohibition Act, 1949 - Sec 85(1)",2026-08-11 22:15:00,2026-08-10 17:55:00,Manthan Tandon,Police Head Constable 5941,+91-7037172585,"590, Kadakia Road, Tezpur 058319",David Anne,Inspector of Police,POBN74525,Md. Tanveer Choudhary,+91-1407733840,43,1985,"H.No. 82, Mani Marg, Ambattur 331894",Vendor,Tattoo on forearm,Nair Hospital Mumbai
1017/2026,Worli Police Station,"Brihanmumbai City, Maharashtra","Maharashtra Prohibition Act, 1949 - Sec 85(1)",2026-08-23 18:15:00,2026-08-10 18:55:00,Manthan Tandon,Police Head Constable 5941,+91-7037172585,"590, Kadakia Road, Tezpur 058319",David Anne,Inspector of Police,POBN74525,Md. Tanveer Choudhary,+91-1407733840,43,1985,"H.No. 82, Mani Marg, Ambattur 331894",Vendor,Tattoo on forearm,Nair Hospital Mumbai
1018/2026,Worli Police Station,"Brihanmumbai City, Maharashtra","Maharashtra Prohibition Act, 1949 - Sec 85(1)",2026-08-19 16:15:00,2026-08-28 19:55:00,Wazir Roy,Police Head Constable 4788,+91-4123390132,"389, Bora Ganj, Junagadh-383236",Laban Mishra,Inspector of Police,POBN89843,Md. Harsh Samra,+91-8762291976,54,1994,"199, Swamy Chowk, Karimnagar 236837",Daily Wager,Mole on neck,Nair Hospital Mumbai
1019/2026,Byculla Police Station,"Brihanmumbai City, Maharashtra","Maharashtra Prohibition Act, 1949 - Sec 85(1)",2026-08-17 11:15:00,2026-08-20 22:55:00,Tristan Saraf,Police Head Constable 4006,+91-6702256423,"18, Pradhan Nagar, Loni-219002",Aadi Suresh,Inspector of Police,POBN86927,Md. Zaid Bhattacharyya,+91-9402246831,34,1999,"56/792, Thaker Nagar, Tiruvottiyur-673339",Unemployed,,Nair Hospital Mumbai
1020/2026,Byculla Police Station,"Brihanmumbai City, Maharashtra","Maharashtra Prohibition Act, 1949 - Sec 85(1)",2026-08-20 15:15:00,2026-08-27 10:55:00,Tristan Saraf,Police Head Constable 4006,+91-6702256423,"18, Pradhan Nagar, Loni-219002",Aadi Suresh,Inspector of Police,POBN86927,Md. Zaid Bhattacharyya,+91-9402246831,34,1999,"56/792, Thaker Nagar, Tiruvottiyur-673339",Unemployed,,Nair Hospital Mumbai
1021/2026,Agripada Police Station,"Brihanmumbai City, Maharashtra","Maharashtra Prohibition Act, 1949 - Sec 85(1)",2026-08-10 20:15:00,2026-08-16 11:55:00,Amol Munshi,Police Head Constable 3179,+91-6320588562,"H.No. 732, Bansal Marg, Chapra 559526",Farhan Dubey,Inspector of Police,POBN30447,Md. Falan Krishna,+91-8579159927,51,2000,"H.No. 797, Vaidya Street, Jamalpur-747921",Driver,Scar on left cheek,Nair Hospital Mumbai
