profile_id,fir_number,suspect_name,platform,handle_username,associated_phone,check_in_location,timestamp,caption_snippet
SM-22922,0973/2026,Md. Ojas Bhavsar,WhatsApp,@md_ojas_bhavsar,+91-3088060716,Station Road Footpath,2026-07-21 20:55:49,Deserunt est quos ratione.
SM-89433,0056/2026,Md. Sathvik Mahajan,WhatsApp,@md_sathvik_mahajan,+91-4612031808,Venus Wine Shop,2026-07-13 03:49:32,Nam velit praesentium enim asperiores minima.
SM-56878,0288/2026,Md. Elijah Rege,WhatsApp,@md_elijah_rege,+91-1324892076,Venus Wine Shop,2026-07-12 05:02:04,Cum sunt fugiat deleniti ex.
SM-41280,0254/2026,Md. Ranbir Bhalla,Instagram,@md_ranbir_bhalla,+91-2236381844,Station Road Footpath,2026-07-31 08:53:43,Ullam aut aliquid quibusdam omnis veniam consectetur.
SM-09522,0320/2026,Md. Pranit Arya,Instagram,@md_pranit_arya,+91-7774789752,Bhadakamkar Marg,2026-08-09 04:44:19,Provident repellendus officia minima maiores earum.
SM-55951,0481/2026,Md. Reyansh Anne,Instagram,@md_reyansh_anne,+91-6922080797,Station Road Footpath,2026-08-08 01:45:02,Facere itaque non hic.
SM-11626,0438/2026,Md. Andrew Bora,WhatsApp,@md_andrew_bora,+91-8714702226,Venus Wine Shop,2026-08-31 23:32:47,Cumque ex dolores dignissimos natus.
SM-95202,0108/2026,Md. Gagan Rao,X / Twitter,@md_gagan_rao,+91-5714909698,Station Road Footpath,2026-08-22 06:19:39,Dolore non perspiciatis excepturi reiciendis.
SM-40703,0898/2026,Md. Peter Barad,Instagram,@md_peter_barad,+91-9440790043,Station Road Footpath,2026-08-27 11:09:23,Eaque perferendis facilis rerum.
SM-29546,0734/2026,Md. Nihal Rana,Facebook,@md_nihal_rana,+91-5691317104,Bhadakamkar Marg,2026-08-11 01:24:43,Soluta error nemo beatae quae.
SM-39725,0513/2026,Md. Arjun Sheth,Facebook,@md_arjun_sheth,+91-6111449019,Bhadakamkar Marg,2026-08-13 04:55:07,Sequi velit exercitationem labore sunt autem sequi.
SM-05917,0635/2026,Md. Umang Mody,Facebook,@md_umang_mody,+91-0953911949,Senapati Bapat Marg,2026-08-19 02:35:17,Nemo modi ratione magnam odit dolor ad numquam.
SM-38590,0724/2026,Md. Laban Prakash,WhatsApp,@md_laban_prakash,+91-5372652872,Madanpura,2026-08-10 21:13:18,Natus ipsam saepe blanditiis.
SM-74240,0414/2026,Md. Zashil Mistry,X / Twitter,@md_zashil_mistry,+91-0356058771,Bhadakamkar Marg,2026-08-10 21:12:57,Atque magni tenetur ex a.
SM-23642,0658/2026,Md. Advik Golla,Instagram,@md_advik_golla,+91-0751400478,Bhadakamkar Marg,2026-08-12 00:17:17,Non unde quae animi.
SM-68280,0052/2026,Md. Ayush Baria,WhatsApp,@md_ayush_baria,+91-6993641756,Venus Wine Shop,2026-07-20 06:15:39,Consequatur optio ipsa.
SM-37259,0481/2026,Md. Simon Rai,Facebook,@md_simon_rai,+91-6754235346,Madanpura,2026-08-26 18:54:30,Vel consequatur non magni ab reiciendis.
SM-80933,0736/2026,Md. Tarak Sahni,WhatsApp,@md_tarak_sahni,+91-8224462027,Senapati Bapat Marg,2026-07-13 03:23:55,At consequatur suscipit delectus ducimus temporibus sed recusandae.
SM-27779,0808/2026,Md. Ayush Buch,Facebook,@md_ayush_buch,+91-8561621656,Senapati Bapat Marg,2026-08-20 16:20:40,Explicabo reiciendis distinctio accusamus sed.
SM-61624,0920/2026,Md. Amol Nagy,Facebook,@md_amol_nagy,+91-3128261525,Venus Wine Shop,2026-08-01 05:21:26,Tempore ipsam molestias sint aliquid blanditiis.
SM-69114,0161/2026,Md. Baljiwan Hayer,Facebook,@md_baljiwan_hayer,+91-0327979516,Bhadakamkar Marg,2026-07-18 12:36:00,Sapiente omnis minima necessitatibus ducimus corporis.
SM-81717,0538/2026,Md. Devansh Vohra,X / Twitter,@md_devansh_vohra,+91-7245876065,Station Road Footpath,2026-08-31 21:09:33,Cum quod commodi nisi laboriosam omnis.
SM-92928,0984/2026,Md. Gopal Radhakrishnan,Instagram,@md_gopal_radhakrishnan,+91-9997632226,Senapati Bapat Marg,2026-07-23 00:37:14,Mollitia voluptatem unde totam eligendi odit.
SM-97724,0915/2026,Md. Zayyan Ahluwalia,Facebook,@md_zayyan_ahluwalia,+91-0421607034,Venus Wine Shop,2026-08-15 22:06:41,Enim quo hic in excepturi temporibus minus.
SM-11699,0939/2026,Md. Rudra Sant,Instagram,@md_rudra_sant,+91-7744695455,MIDC Road,2026-07-10 19:29:06,Sequi iure ipsa ut culpa ea.
SM-46886,0869/2026,Md. Fitan Mander,Facebook,@md_fitan_mander,+91-0283885531,Bhadakamkar Marg,2026-08-18 20:03:30,Quia adipisci tenetur dolore molestiae voluptates.
SM-76715,0918/2026,Md. Nachiket Desai,Facebook,@md_nachiket_desai,+91-3029050253,Station Road Footpath,2026-08-19 22:23:11,Reprehenderit blanditiis cupiditate alias quibusdam aspernatur.
SM-38160,0196/2026,Md. Maanav Tailor,X / Twitter,@md_maanav_tailor,+91-4860124675,Bhadakamkar Marg,2026-08-03 18:52:47,Qui veritatis perspiciatis corrupti similique deleniti.
SM-17975,0191/2026,Md. Balendra Nayak,WhatsApp,@md_balendra_nayak,+91-7309005344,Madanpura,2026-08-03 14:54:48,Magni ipsum aliquam debitis.
SM-26946,0370/2026,Md. Robert Narain,Facebook,@md_robert_narain,+91-0909634931,Station Road Footpath,2026-08-26 16:08:01,Dolores omnis esse voluptatem eligendi quis.
SM-96720,0593/2026,Md. Tanveer Choudhary,X / Twitter,@md_tanveer_choudhary,+91-1407733840,Venus Wine Shop,2026-09-04 10:09:33,Et saepe consectetur ea quisquam.
SM-90655,0634/2026,Md. Azad Mannan,Instagram,@md_azad_mannan,+91-8472516266,MIDC Road,2026-09-03 18:36:56,Eum quaerat dicta cum.
SM-10408,0489/2026,Md. Amol Mody,X / Twitter,@md_amol_mody,+91-5730267951,Station Road Footpath,2026-07-19 13:13:39,Dolorum quae facere perspiciatis optio deleniti distinctio.
SM-70344,0399/2026,Md. Zaid Bhattacharyya,X / Twitter,@md_zaid_bhattacharyya,+91-9402246831,Station Road Footpath,2026-09-01 08:32:03,Tempora quasi sequi alias a architecto.
SM-66107,0827/2026,Md. Nicholas Karpe,WhatsApp,@md_nicholas_karpe,+91-8749925305,Station Road Footpath,2026-07-21 21:47:58,Ut delectus officia beatae facere nihil.
SM-59581,0847/2026,Md. Indrajit Kunda,WhatsApp,@md_indrajit_kunda,+91-6926567843,Madanpura,2026-08-22 19:58:01,Eius doloribus deserunt sed rerum.
SM-32111,0307/2026,Md. Akshay Lata,Facebook,@md_akshay_lata,+91-2325906102,Bhadakamkar Marg,2026-08-12 05:11:43,Repellat id magnam nesciunt at inventore dolore ad.
SM-91913,0789/2026,Md. Tejas Nigam,Instagram,@md_tejas_nigam,+91-4414875019,MIDC Road,2026-08-10 15:45:55,Dolor ea recusandae quidem repellat.
SM-06857,0509/2026,Md. Elijah Ganguly,Instagram,@md_elijah_ganguly,+91-6320194538,Station Road Footpath,2026-08-07 05:41:12,Nesciunt a unde accusamus quis occaecati asperiores totam.
SM-63039,0605/2026,Md. Reyansh Mangal,X / Twitter,@md_reyansh_mangal,+91-0193610079,Senapati Bapat Marg,2026-08-24 18:09:33,At adipisci eius illum.
SM-13295,0486/2026,Md. Jatin Murthy,WhatsApp,@md_jatin_murthy,+91-0437844453,Station Road Footpath,2026-09-02 02:12:18,Repellat eaque suscipit adipisci quo quod.
SM-30774,0725/2026,Md. Anay Minhas,Instagram,@md_anay_minhas,+91-4475823294,Venus Wine Shop,2026-08-06 23:52:59,Iure necessitatibus fugiat inventore magni earum magnam libero.
SM-57879,0456/2026,Md. Jeet Saha,WhatsApp,@md_jeet_saha,+91-2751214628,Venus Wine Shop,2026-07-16 14:10:08,Iste enim a aliquid placeat possimus adipisci.
SM-64046,0413/2026,Md. Wriddhish Varty,Instagram,@md_wriddhish_varty,+91-8726663475,Station Road Footpath,2026-08-20 04:44:23,Pariatur adipisci nam hic suscipit aspernatur.
SM-49790,0053/2026,Md. Kevin Ganesan,Instagram,@md_kevin_ganesan,+91-5505012573,MIDC Road,2026-08-25 06:55:39,Minima praesentium illum a modi similique aliquid.
SM-82505,0263/2026,Md. Frado Dhingra,X / Twitter,@md_frado_dhingra,+91-0333553548,Senapati Bapat Marg,2026-07-14 09:57:45,Rerum fugit iure tenetur accusamus ad reprehenderit.
SM-75565,0039/2026,Md. Naveen Tailor,WhatsApp,@md_naveen_tailor,+91-1549231524,Senapati Bapat Marg,2026-07-22 05:35:53,Quisquam sunt voluptates sapiente aperiam.
SM-94083,0856/2026,Md. Dominic Gupta,WhatsApp,@md_dominic_gupta,+91-9954528199,Venus Wine Shop,2026-09-01 21:35:52,Pariatur doloribus amet magnam a esse.
SM-10468,0728/2026,Md. Frederick Nori,WhatsApp,@md_frederick_nori,+91-0009063115,Venus Wine Shop,2026-08-17 13:57:18,Illo similique reprehenderit temporibus assumenda fuga incidunt provident.
SM-08148,0596/2026,Md. Brijesh Goda,Facebook,@md_brijesh_goda,+91-6454080360,Station Road Footpath,2026-08-17 11:43:26,Corrupti velit quibusdam voluptates suscipit.
SM-60573,0654/2026,Md. Qadim Solanki,WhatsApp,@md_qadim_solanki,+91-6530338206,MIDC Road,2026-07-15 18:33:30,Deleniti molestias corporis deleniti nobis placeat.
SM-49524,0573/2026,Md. Daniel Raman,WhatsApp,@md_daniel_raman,+91-5203140569,Senapati Bapat Marg,2026-08-24 13:05:59,Culpa aspernatur minus repellat.
SM-93273,0225/2026,Md. Vihaan Vohra,Instagram,@md_vihaan_vohra,+91-1608300776,Madanpura,2026-07-26 17:58:13,Vel dicta saepe odio tempora.
SM-72525,0683/2026,Md. David Nayak,Facebook,@md_david_nayak,+91-0908250618,Venus Wine Shop,2026-07-31 15:16:02,Impedit in dolore delectus.
SM-54480,0430/2026,Md. Harish Bali,Facebook,@md_harish_bali,+91-6463599241,MIDC Road,2026-07-16 03:49:37,Non dignissimos asperiores saepe corporis error eaque.
SM-85084,0123/2026,Md. Matthew Om,Facebook,@md_matthew_om,+91-2323764440,Venus Wine Shop,2026-09-01 11:40:47,Soluta facere magnam commodi assumenda asperiores tempore.
SM-39520,0168/2026,Md. Rayaan Bhavsar,X / Twitter,@md_rayaan_bhavsar,+91-9135444363,Bhadakamkar Marg,2026-07-19 19:49:26,Nihil delectus dolore reprehenderit.
SM-39184,0755/2026,Md. Hemang Shere,WhatsApp,@md_hemang_shere,+91-1359460122,Station Road Footpath,2026-08-15 16:20:19,Placeat dicta cumque incidunt beatae minima.
SM-98617,0326/2026,Md. Jeet Sachdeva,Instagram,@md_jeet_sachdeva,+91-4631009912,Senapati Bapat Marg,2026-07-31 00:25:37,Distinctio quam distinctio incidunt.
SM-15902,0689/2026,Md. Zehaan Wali,Facebook,@md_zehaan_wali,+91-8000129596,Madanpura,2026-07-15 11:41:59,Veniam id iste ipsum.
SM-99112,0104/2026,Md. Aarnav Sekhon,Facebook,@md_aarnav_sekhon,+91-7235641635,Senapati Bapat Marg,2026-08-21 11:44:11,Sunt hic unde amet aut nostrum nesciunt ipsum.
SM-27518,0227/2026,Md. Qarin Balan,Instagram,@md_qarin_balan,+91-4277185805,Station Road Footpath,2026-08-26 06:46:29,Architecto cupiditate non a necessitatibus eligendi.
SM-36615,0353/2026,Md. Balhaar Sami,Instagram,@md_balhaar_sami,+91-1715766898,Bhadakamkar Marg,2026-08-26 22:32:31,Enim nesciunt at iste doloribus voluptatum molestias.
SM-81126,0420/2026,Md. Warjas Khalsa,X / Twitter,@md_warjas_khalsa,+91-2023838998,Station Road Footpath,2026-08-05 07:10:48,Perferendis amet ipsa quasi.
SM-41654,0286/2026,Md. Christopher Pillai,Instagram,@md_christopher_pillai,+91-4293362242,Bhadakamkar Marg,2026-08-18 23:38:27,Ea aperiam reiciendis soluta ab.
SM-22727,0112/2026,Md. Frederick Gade,X / Twitter,@md_frederick_gade,+91-9749956561,Station Road Footpath,2026-08-09 01:11:46,Tempore alias eius quis perspiciatis itaque.
SM-96212,0235/2026,Md. Raghav Manda,Instagram,@md_raghav_manda,+91-9386771558,Madanpura,2026-08-10 19:46:23,Quidem odit repellendus est.
SM-55172,0460/2026,Md. Laban Sidhu,WhatsApp,@md_laban_sidhu,+91-1679781002,Station Road Footpath,2026-08-31 07:10:07,Eveniet occaecati laboriosam veniam veritatis numquam amet.
SM-50477,0009/2026,Md. Rudra Narula,Facebook,@md_rudra_narula,+91-8771310836,MIDC Road,2026-07-12 10:10:39,Quis earum repellendus reprehenderit.
SM-33115,0468/2026,Md. George Ramaswamy,X / Twitter,@md_george_ramaswamy,+91-0077344960,Senapati Bapat Marg,2026-08-09 22:37:15,Facere quam ipsum quaerat occaecati eveniet sequi eveniet.
SM-00862,0295/2026,Md. Owen Ganesh,Instagram,@md_owen_ganesh,+91-4501079897,Senapati Bapat Marg,2026-08-07 02:36:14,Doloribus aliquam dolore eius.
SM-31601,0545/2026,Md. Frado Raja,X / Twitter,@md_frado_raja,+91-3504184157,Senapati Bapat Marg,2026-07-26 05:09:53,Excepturi accusamus sapiente esse id mollitia quos.
SM-29830,0460/2026,Md. Zaid Nair,Facebook,@md_zaid_nair,+91-2579426125,Station Road Footpath,2026-09-02 10:48:39,Veniam inventore optio reiciendis ratione ipsam.
SM-29545,0233/2026,Md. Harsh Samra,Facebook,@md_harsh_samra,+91-8762291976,Madanpura,2026-07-27 08:41:57,Asperiores provident et deleniti.
SM-77611,0777/2026,Md. Ansh Sandal,Facebook,@md_ansh_sandal,+91-2507232638,Venus Wine Shop,2026-08-05 13:19:35,Rem libero pariatur corrupti perferendis.
SM-31021,0871/2026,Md. Harrison Sarna,X / Twitter,@md_harrison_sarna,+91-0277658032,Bhadakamkar Marg,2026-07-31 00:59:21,Dolore doloribus iusto optio ea porro ipsa.
SM-76882,0895/2026,Md. Gaurang Bhatti,X / Twitter,@md_gaurang_bhatti,+91-7194825001,Madanpura,2026-08-12 22:12:52,Eligendi nihil earum distinctio tempora error.
SM-92928,0881/2026,Md. Vedant Padmanabhan,X / Twitter,@md_vedant_padmanabhan,+91-2530358841,Senapati Bapat Marg,2026-08-30 09:00:31,Reprehenderit ullam error similique ea aut recusandae quibusdam.
SM-89253,0055/2026,Md. Yagnesh Zacharia,X / Twitter,@md_yagnesh_zacharia,+91-1681067925,Station Road Footpath,2026-07-21 10:35:39,Officia iusto blanditiis nobis blanditiis aliquid in.
SM-60330,0762/2026,Md. Alexander Master,X / Twitter,@md_alexander_master,+91-9405178098,Madanpura,2026-07-13 18:14:29,Culpa ipsum magnam dolores voluptates.
SM-84756,0977/2026,Md. Onveer Bahl,X / Twitter,@md_onveer_bahl,+91-8335561055,Station Road Footpath,2026-09-03 01:22:42,Totam perferendis consequuntur magni.
SM-50001,0760/2026,Md. Darsh Sampath,Instagram,@md_darsh_sampath,+91-7458410398,Madanpura,2026-08-09 22:32:06,Itaque dignissimos impedit temporibus quis asperiores.
SM-14070,0292/2026,Md. Wridesh Virk,Facebook,@md_wridesh_virk,+91-2343985265,MIDC Road,2026-07-14 16:45:56,Natus eos mollitia culpa corrupti et similique reprehenderit.
SM-24963,0069/2026,Md. Wridesh Bali,Facebook,@md_wridesh_bali,+91-2971614670,Station Road Footpath,2026-07-21 08:38:38,Ex eius odio quae.
SM-71004,0660/2026,Md. Chakradhar Batta,X / Twitter,@md_chakradhar_batta,+91-9000406254,Station Road Footpath,2026-07-24 13:15:34,Placeat sunt est odit optio.
SM-48421,0323/2026,Md. Sathvik Pant,WhatsApp,@md_sathvik_pant,+91-1554078824,Madanpura,2026-07-22 23:28:00,Iusto nesciunt est asperiores sit non ex inventore.
SM-50197,0943/2026,Md. Samar Nagar,Facebook,@md_samar_nagar,+91-3604313547,Station Road Footpath,2026-08-15 04:00:30,Est alias dolor sed dicta cupiditate dolorum.
SM-55796,0173/2026,Md. Chanakya Chaudhari,Facebook,@md_chanakya_chaudhari,+91-7907250746,Senapati Bapat Marg,2026-08-20 00:42:42,Quas id hic voluptate et.
SM-49163,0734/2026,Md. Umang Sabharwal,Instagram,@md_umang_sabharwal,+91-6997065590,Venus Wine Shop,2026-08-10 11:58:52,Voluptatum quis voluptatum odio molestiae doloribus delectus cumque.
SM-86817,0021/2026,Md. Veer Devi,Instagram,@md_veer_devi,+91-5037744332,Venus Wine Shop,2026-08-31 23:54:48,Placeat natus eos unde officiis placeat.
SM-35091,0439/2026,Md. Falan Krishna,X / Twitter,@md_falan_krishna,+91-8579159927,Senapati Bapat Marg,2026-07-15 00:19:40,Id similique voluptatum facilis incidunt.
SM-89715,0252/2026,Md. Yagnesh Tak,Instagram,@md_yagnesh_tak,+91-9377098052,Station Road Footpath,2026-08-22 06:53:36,Id pariatur doloribus.
SM-87285,0716/2026,Md. Jagdish Acharya,Facebook,@md_jagdish_acharya,+91-6400189254,Venus Wine Shop,2026-08-26 18:59:44,Facilis nesciunt optio quod suscipit porro nam.
SM-14577,0371/2026,Md. Samar Golla,Instagram,@md_samar_golla,+91-4830450019,MIDC Road,2026-09-05 10:44:41,Aspernatur enim vero esse.
SM-42416,0983/2026,Md. Teerth Bhargava,Instagram,@md_teerth_bhargava,+91-7611970993,Senapati Bapat Marg,2026-07-25 00:56:55,Reprehenderit libero dolor.
SM-67095,0499/2026,Md. Manan Subramanian,X / Twitter,@md_manan_subramanian,+91-8164539334,Venus Wine Shop,2026-07-13 05:34:43,A quisquam a tenetur modi suscipit possimus.
SM-69866,0687/2026,Md. Oliver Dasgupta,X / Twitter,@md_oliver_dasgupta,+91-0224687988,Bhadakamkar Marg,2026-07-20 11:17:17,Nesciunt maxime explicabo fuga.
SM-77506,0819/2026,Md. Ranbir Bains,Facebook,@md_ranbir_bains,+91-6072329900,Bhadakamkar Marg,2026-08-20 23:45:23,Sint dolor molestias tempore delectus facere.
SM-70493,0777/2026,Md. Karan Mistry,WhatsApp,@md_karan_mistry,+91-3203295820,Bhadakamkar Marg,2026-09-03 14:55:36,Deserunt ab placeat consequatur explicabo culpa quis.
SM-93936,0702/2026,Md. Dev Mani,X / Twitter,@md_dev_mani,+91-7339277969,Bhadakamkar Marg,2026-08-18 03:44:05,Culpa omnis vero commodi architecto.
